,clust,법정동코드,읍면동주소,code,sido,gu,dong,lat,lng
0,0,1111010100,청운동,1111010100,서울특별시,종로구,청운동,37.587111,126.969069
1,3,10200,신교동,1111010200,서울특별시,종로구,신교동,37.583911,126.968354
2,6,10800,통인동,1111010800,서울특별시,종로구,통인동,37.580141,126.970127
3,3,10900,누상동,1111010900,서울특별시,종로구,누상동,37.580478,126.965838
4,3,11000,누하동,1111011000,서울특별시,종로구,누하동,37.579423,126.968521
5,3,11100,옥인동,1111011100,서울특별시,종로구,옥인동,37.582175,126.967275
6,6,11200,체부동,1111011200,서울특별시,종로구,체부동,37.577645,126.970877
7,3,11300,필운동,1111011300,서울특별시,종로구,필운동,37.577076,126.968848
8,0,11500,사직동,1111053000,서울특별시,종로구,사직동,37.575408,126.965944
10,0,11800,내수동,1111011800,서울특별시,종로구,내수동,37.573113,126.971819
11,6,12200,청진동,1111012200,서울특별시,종로구,청진동,37.571886,126.980676
12,6,12400,수송동,1111012400,서울특별시,종로구,수송동,37.573994,126.981139
13,2,12800,관훈동,1111012800,서울특별시,종로구,관훈동,37.574336,126.984857
14,5,13000,와룡동,1111013000,서울특별시,종로구,와룡동,37.57695,126.991141
15,3,13300,익선동,1111013300,서울특별시,종로구,익선동,37.574082,126.989819
16,6,13700,낙원동,1111013700,서울특별시,종로구,낙원동,37.572558,126.988732
17,5,13800,종로2가,1111013800,서울특별시,종로구,종로2가,37.570195,126.986454
18,3,14000,삼청동,1111054000,서울특별시,종로구,삼청동,37.590758,126.980996
20,10,14600,가회동,1111060000,서울특별시,종로구,가회동,37.582682,126.984831
22,3,14800,계동,1111014800,서울특별시,종로구,계동,37.581321,126.987016
23,3,14900,원서동,1111014900,서울특별시,종로구,원서동,37.581687,126.988696
24,2,15300,돈의동,1111015300,서울특별시,종로구,돈의동,37.572085,126.990736
25,7,15900,원남동,1111015900,서울특별시,종로구,원남동,37.575326,126.997429
26,2,16400,종로6가,1111016400,서울특별시,종로구,종로6가,37.572572,127.006996
27,3,16500,이화동,1111064000,서울특별시,종로구,이화동,37.577245,127.005622
29,3,16600,연건동,1111016600,서울특별시,종로구,연건동,37.5775,127.000903
30,3,16700,충신동,1111016700,서울특별시,종로구,충신동,37.575189,127.006471
31,9,16800,동숭동,1111016800,서울특별시,종로구,동숭동,37.581654,127.005083
32,3,16900,혜화동,1111065000,서울특별시,종로구,혜화동,37.587817,127.001745
34,9,17000,명륜1가,1111017000,서울특별시,종로구,명륜1가,37.588347,126.997733
35,9,17100,명륜2가,1111017100,서울특별시,종로구,명륜2가,37.584521,126.998638
36,3,17200,명륜4가,1111017200,서울특별시,종로구,명륜4가,37.582225,127.000008
37,9,17300,명륜3가,1111017300,서울특별시,종로구,명륜3가,37.588359,126.994739
38,9,17400,창신동,1111017400,서울특별시,종로구,창신동,37.574729,127.012062
39,4,17500,숭인동,1111017500,서울특별시,종로구,숭인동,37.575979,127.018802
40,3,18100,행촌동,1111018100,서울특별시,종로구,행촌동,37.574294,126.962469
41,1,18200,구기동,1111018200,서울특별시,종로구,구기동,37.609211,126.957246
42,8,18300,평창동,1111056000,서울특별시,종로구,평창동,37.613029,126.974485
44,0,18400,부암동,1111055000,서울특별시,종로구,부암동,37.594768,126.965574
46,3,18500,홍지동,1111018500,서울특별시,종로구,홍지동,37.60031,126.957773
47,3,18600,신영동,1111018600,서울특별시,종로구,신영동,37.602696,126.961378
48,1,18700,무악동,1111057000,서울특별시,종로구,무악동,37.57711,126.958562
50,7,1114010300,태평로1가,1114010300,서울특별시,중구,태평로1가,37.568174,126.976805
51,2,10400,을지로1가,1114010400,서울특별시,중구,을지로1가,37.566295,126.980137
52,2,10500,을지로2가,1114010500,서울특별시,중구,을지로2가,37.565757,126.985892
53,2,11200,남창동,1114011200,서울특별시,중구,남창동,37.55845,126.977464
54,2,11400,태평로2가,1114011400,서울특별시,중구,태평로2가,37.563334,126.976861
55,6,11800,남대문로5가,1114011800,서울특별시,중구,남대문로5가,37.557154,126.974366
56,3,12100,회현동1가,1114012100,서울특별시,중구,회현동1가,37.557439,126.980748
57,0,12200,회현동2가,1114012200,서울특별시,중구,회현동2가,37.558033,126.983443
58,6,12600,명동1가,1114012600,서울특별시,중구,명동1가,37.564135,126.984148
59,6,12700,명동2가,1114012700,서울특별시,중구,명동2가,37.56288,126.984505
60,7,12900,남산동2가,1114012900,서울특별시,중구,남산동2가,37.558534,126.985813
61,3,13200,충무로4가,1114013200,서울특별시,중구,충무로4가,37.562463,126.995255
62,0,13300,충무로5가,1114013300,서울특별시,중구,충무로5가,37.562923,126.999921
63,3,13600,묵정동,1114013600,서울특별시,중구,묵정동,37.561401,127.000871
64,3,13800,필동2가,1114013800,서울특별시,중구,필동2가,37.55896,126.995427
65,9,13900,필동3가,1114013900,서울특별시,중구,필동3가,37.559069,126.997152
66,3,14200,예장동,1114014200,서울특별시,중구,예장동,37.557397,126.990492
67,3,14300,장충동1가,1114014300,서울특별시,중구,장충동1가,37.561397,127.007583
68,9,14400,장충동2가,1114014400,서울특별시,중구,장충동2가,37.55991,127.00256
69,7,14500,광희동1가,1114014500,서울특별시,중구,광희동1가,37.565194,127.005069
70,3,14600,광희동2가,1114014600,서울특별시,중구,광희동2가,37.563799,127.008655
71,7,14700,쌍림동,1114014700,서울특별시,중구,쌍림동,37.563176,127.004625
72,7,14800,을지로6가,1114014800,서울특별시,중구,을지로6가,37.566868,127.00631
73,7,15400,오장동,1114015400,서울특별시,중구,오장동,37.564685,127.0007
74,4,16200,신당동,1114061500,서울특별시,중구,신당동,37.557913,127.013655
76,3,16300,흥인동,1114016300,서울특별시,중구,흥인동,37.566792,127.016839
77,4,16500,황학동,1114067000,서울특별시,중구,황학동,37.568542,127.020827
79,9,16700,정동,1114016700,서울특별시,중구,정동,37.566905,126.972078
80,6,16900,의주로1가,1114016900,서울특별시,중구,의주로1가,37.564783,126.968176
81,3,17100,중림동,1114068000,서울특별시,중구,중림동,37.558842,126.96632
83,4,1117010100,후암동,1117051000,서울특별시,용산구,후암동,37.549901,126.980613
85,9,10200,용산동2가,1117010200,서울특별시,용산구,용산동2가,37.544184,126.98511
86,3,10400,갈월동,1117010400,서울특별시,용산구,갈월동,37.546267,126.972941
87,7,10500,남영동,1117053000,서울특별시,용산구,남영동,37.542865,126.973353
89,3,10700,동자동,1117010700,서울특별시,용산구,동자동,37.551535,126.974137
90,3,10800,서계동,1117010800,서울특별시,용산구,서계동,37.552113,126.966089
91,4,10900,청파동1가,1117010900,서울특별시,용산구,청파동1가,37.54887,126.967046
92,9,11000,청파동2가,1117011000,서울특별시,용산구,청파동2가,37.546067,126.967745
93,3,11100,청파동3가,1117011100,서울특별시,용산구,청파동3가,37.543407,126.968276
94,0,11200,원효로1가,1117011200,서울특별시,용산구,원효로1가,37.539977,126.966998
95,3,11300,원효로2가,1117011300,서울특별시,용산구,원효로2가,37.536307,126.963165
96,3,11400,신창동,1117011400,서울특별시,용산구,신창동,37.53573,126.955199
97,0,11500,산천동,1117011500,서울특별시,용산구,산천동,37.535428,126.952396
98,3,11700,원효로3가,1117011700,서울특별시,용산구,원효로3가,37.53414,126.956862
99,0,11800,원효로4가,1117011800,서울특별시,용산구,원효로4가,37.533504,126.952763
100,1,11900,효창동,1117058000,서울특별시,용산구,효창동,37.542828,126.960951
102,0,12000,도원동,1117012000,서울특별시,용산구,도원동,37.539188,126.95794
103,3,12100,용문동,1117059000,서울특별시,용산구,용문동,37.537663,126.959677
105,0,12200,문배동,1117012200,서울특별시,용산구,문배동,37.536423,126.969346
106,0,12300,신계동,1117012300,서울특별시,용산구,신계동,37.534581,126.964922
107,0,12400,한강로1가,1117012400,서울특별시,용산구,한강로1가,37.534384,126.973765
108,0,12500,한강로2가,1117012500,서울특별시,용산구,한강로2가,37.531715,126.970242
109,0,12700,용산동5가,1117012700,서울특별시,용산구,용산동5가,37.527123,126.97083
110,0,12800,한강로3가,1117012800,서울특별시,용산구,한강로3가,37.524659,126.963299
111,8,12900,이촌동,1117012900,서울특별시,용산구,이촌동,37.524133,126.961987
112,9,13000,이태원동,1117013000,서울특별시,용산구,이태원동,37.5367,126.992151
113,8,13100,한남동,1117068500,서울특별시,용산구,한남동,37.537541,127.005165
115,4,13200,동빙고동,1117013200,서울특별시,용산구,동빙고동,37.523599,126.995949
116,0,13300,서빙고동,1117069000,서울특별시,용산구,서빙고동,37.518619,126.991299
118,9,13600,보광동,1117070000,서울특별시,용산구,보광동,37.526873,127.000917
120,0,1120010300,상왕십리동,1120010100,서울특별시,성동구,상왕십리동,37.569332,127.025349
121,4,10200,상왕십리동,1120010100,서울특별시,성동구,상왕십리동,37.569332,127.025349
122,1,10200,하왕십리동,1120010200,서울특별시,성동구,하왕십리동,37.562462,127.029586
123,3,10300,홍익동,1120010300,서울특별시,성동구,홍익동,37.566144,127.032921
124,3,10400,도선동,1120010400,서울특별시,성동구,도선동,37.563897,127.033258
125,4,10500,마장동,1120054000,서울특별시,성동구,마장동,37.567363,127.040731
127,9,10600,사근동,1120010600,서울특별시,성동구,사근동,37.561371,127.046789
128,1,10700,행당동,1120010700,서울특별시,성동구,행당동,37.559076,127.035869
129,1,10800,응봉동,1120058000,서울특별시,성동구,응봉동,37.550935,127.033903
131,1,10900,금호동1가,1120010900,서울특별시,성동구,금호동1가,37.554697,127.023412
132,1,11000,금호동2가,1120011000,서울특별시,성동구,금호동2가,37.552482,127.020133
133,1,11100,금호동3가,1120011100,서울특별시,성동구,금호동3가,37.549504,127.021812
134,1,11200,금호동4가,1120011200,서울특별시,성동구,금호동4가,37.547468,127.02006
135,8,11300,옥수동,1120064500,서울특별시,성동구,옥수동,37.540788,127.020624
137,1,11400,성수동1가,1120011400,서울특별시,성동구,성수동1가,37.544661,127.046772
138,4,11500,성수동2가,1120011500,서울특별시,성동구,성수동2가,37.541123,127.056125
139,4,11800,송정동,1120072000,서울특별시,성동구,송정동,37.553181,127.062066
141,9,12200,용답동,1120079000,서울특별시,성동구,용답동,37.56147,127.056348
143,4,1121510100,중곡동,1121510100,서울특별시,광진구,중곡동,37.561882,127.084745
144,4,10200,능동,1121578000,서울특별시,광진구,능동,37.550578,127.081722
146,4,10300,구의동,1121510300,서울특별시,광진구,구의동,37.544655,127.089493
147,8,10400,광장동,1121581000,서울특별시,광진구,광장동,37.547835,127.104695
149,4,10500,자양동,1121510500,서울특별시,광진구,자양동,37.534692,127.074327
150,9,10700,화양동,1121571000,서울특별시,광진구,화양동,37.54325,127.073393
152,4,10900,군자동,1121573000,서울특별시,광진구,군자동,37.553038,127.073657
154,3,1123010100,신설동,1123010100,서울특별시,동대문구,신설동,37.575204,127.026023
155,4,10200,용두동,1123010200,서울특별시,동대문구,용두동,37.576328,127.034621
156,9,10300,제기동,1123054500,서울특별시,동대문구,제기동,37.583778,127.037226
158,4,10400,전농동,1123010400,서울특별시,동대문구,전농동,37.579797,127.053848
159,4,10500,답십리동,1123010500,서울특별시,동대문구,답십리동,37.569883,127.056757
160,4,10600,장안동,1123010600,서울특별시,동대문구,장안동,37.570749,127.068233
161,9,10700,청량리동,1123070500,서울특별시,동대문구,청량리동,37.588799,127.04528
163,9,10800,회기동,1123071000,서울특별시,동대문구,회기동,37.593733,127.051434
165,4,10900,휘경동,1123010900,서울특별시,동대문구,휘경동,37.589592,127.061228
166,9,11100,이문동,1123011000,서울특별시,동대문구,이문동,37.598851,127.062465
167,4,1126010100,면목동,1126010100,서울특별시,중랑구,면목동,37.58442,127.086487
168,4,10300,상봉동,1126010200,서울특별시,중랑구,상봉동,37.596267,127.085704
169,4,10400,중화동,1126010300,서울특별시,중랑구,중화동,37.59975,127.077718
170,4,10500,묵동,1126010400,서울특별시,중랑구,묵동,37.611266,127.077829
171,4,10600,망우동,1126010500,서울특별시,중랑구,망우동,37.596678,127.100419
172,4,1129010100,신내동,1126010600,서울특별시,중랑구,신내동,37.607237,127.098924
173,8,10200,성북동,1129052500,서울특별시,성북구,성북동,37.597248,126.992899
175,3,10300,성북동1가,1129010200,서울특별시,성북구,성북동1가,37.589374,127.003652
176,1,10400,돈암동,1129010300,서울특별시,성북구,돈암동,37.598415,127.020288
177,3,10700,동소문동1가,1129010400,서울특별시,성북구,동소문동1가,37.589858,127.00746
178,3,10800,동소문동4가,1129010700,서울특별시,성북구,동소문동4가,37.591541,127.010756
179,3,10900,동소문동5가,1129010800,서울특별시,성북구,동소문동5가,37.591666,127.01559
180,3,11100,동소문동6가,1129010900,서울특별시,성북구,동소문동6가,37.59377,127.014858
181,3,11200,삼선동1가,1129011100,서울특별시,성북구,삼선동1가,37.585059,127.007942
182,4,11300,삼선동2가,1129011200,서울특별시,성북구,삼선동2가,37.585259,127.010538
183,3,11400,삼선동3가,1129011300,서울특별시,성북구,삼선동3가,37.586298,127.012802
184,3,11500,삼선동4가,1129011400,서울특별시,성북구,삼선동4가,37.589818,127.013135
185,9,11600,삼선동5가,1129011500,서울특별시,성북구,삼선동5가,37.58825,127.015789
186,3,11700,동선동1가,1129011600,서울특별시,성북구,동선동1가,37.592065,127.01826
187,9,11800,동선동2가,1129011700,서울특별시,성북구,동선동2가,37.590091,127.020053
188,3,11900,동선동3가,1129011800,서울특별시,성북구,동선동3가,37.594108,127.020597
189,3,12000,동선동4가,1129011900,서울특별시,성북구,동선동4가,37.595087,127.018541
190,3,12100,동선동5가,1129012000,서울특별시,성북구,동선동5가,37.596185,127.016726
191,3,12200,안암동1가,1129012100,서울특별시,성북구,안암동1가,37.588393,127.021456
192,3,12300,안암동2가,1129012200,서울특별시,성북구,안암동2가,37.586638,127.022973
193,3,12400,안암동3가,1129012300,서울특별시,성북구,안암동3가,37.583915,127.02328
194,9,12500,안암동4가,1129012400,서울특별시,성북구,안암동4가,37.580811,127.024633
195,3,12600,안암동5가,1129012500,서울특별시,성북구,안암동5가,37.586083,127.029493
196,3,12700,보문동5가,1129012700,서울특별시,성북구,보문동5가,37.582359,127.019936
197,3,12800,보문동6가,1129012800,서울특별시,성북구,보문동6가,37.580444,127.019694
198,3,12900,보문동7가,1129012900,서울특별시,성북구,보문동7가,37.580033,127.02182
199,7,13000,보문동1가,1129013000,서울특별시,성북구,보문동1가,37.586226,127.019779
200,3,13100,보문동2가,1129013100,서울특별시,성북구,보문동2가,37.585602,127.018306
201,0,13200,보문동3가,1129013200,서울특별시,성북구,보문동3가,37.584277,127.017551
202,4,13300,정릉동,1129013300,서울특별시,성북구,정릉동,37.608442,127.008288
203,1,13400,길음동,1129013400,서울특별시,성북구,길음동,37.607316,127.02476
204,4,13500,종암동,1129070500,서울특별시,성북구,종암동,37.597176,127.033894
206,4,13600,하월곡동,1129013600,서울특별시,성북구,하월곡동,37.605662,127.035753
207,4,13700,상월곡동,1129013700,서울특별시,성북구,상월곡동,37.606723,127.048393
208,4,13800,장위동,1129013800,서울특별시,성북구,장위동,37.614232,127.050118
209,4,13900,석관동,1129081000,서울특별시,성북구,석관동,37.608265,127.061465
211,4,1130510100,미아동,1130553500,서울특별시,강북구,미아동,37.621106,127.023865
213,4,10200,번동,1130510200,서울특별시,강북구,번동,37.635123,127.032072
214,4,10300,수유동,1130510300,서울특별시,강북구,수유동,37.639388,127.017183
215,4,10400,우이동,1130564500,서울특별시,강북구,우이동,37.663286,127.000508
217,4,10500,쌍문동,1132010500,서울특별시,도봉구,쌍문동,37.652731,127.02871
218,4,10600,방학동,1132010600,서울특별시,도봉구,방학동,37.666224,127.03665
219,4,100700,창동,1132010700,서울특별시,도봉구,창동,37.64344,127.039413
220,4,10800,도봉동,1132010800,서울특별시,도봉구,도봉동,37.678103,127.043249
221,4,1135010200,월계동,1135010200,서울특별시,노원구,월계동,37.622192,127.05865
222,4,10300,공릉동,1135010300,서울특별시,노원구,공릉동,37.623601,127.077388
223,1,10400,하계동,1135010400,서울특별시,노원구,하계동,37.63689,127.073145
224,4,10500,상계동,1135010500,서울특별시,노원구,상계동,37.6671,127.072189
225,1,10600,중계동,1135010600,서울특별시,노원구,중계동,37.646989,127.082411
226,4,1138010100,수색동,1138065000,서울특별시,은평구,수색동,37.585574,126.894529
228,4,10200,녹번동,1138051000,서울특별시,은평구,녹번동,37.605314,126.934567
230,4,10300,불광동,1138010300,서울특별시,은평구,불광동,37.620465,126.927435
231,4,10400,갈현동,1138010400,서울특별시,은평구,갈현동,37.621223,126.914993
232,4,10500,구산동,1138056000,서울특별시,은평구,구산동,37.611074,126.907302
234,4,10600,대조동,1138057000,서울특별시,은평구,대조동,37.612256,126.923141
236,4,10700,응암동,1138010700,서울특별시,은평구,응암동,37.592677,126.920257
237,4,10800,역촌동,1138062500,서울특별시,은평구,역촌동,37.604582,126.914611
239,4,10900,신사동,1162068500,서울특별시,관악구,신사동,37.485479,126.918044
243,1,10700,신사동,1162068500,서울특별시,관악구,신사동,37.485479,126.918044
247,4,11000,증산동,1138064000,서울특별시,은평구,증산동,37.584166,126.905952
249,1,11400,진관동,1138069000,서울특별시,은평구,진관동,37.639681,126.937804
251,3,1141010100,충정로2가,1141010100,서울특별시,서대문구,충정로2가,37.565192,126.964529
252,3,10200,충정로3가,1141010200,서울특별시,서대문구,충정로3가,37.562611,126.961351
253,0,10500,냉천동,1141010500,서울특별시,서대문구,냉천동,37.567257,126.96389
254,3,10600,천연동,1141052000,서울특별시,서대문구,천연동,37.567945,126.959437
256,0,10900,현저동,1141010900,서울특별시,서대문구,현저동,37.576486,126.95422
257,9,11000,북아현동,1141055500,서울특별시,서대문구,북아현동,37.562431,126.954397
259,4,11100,홍제동,1141011100,서울특별시,서대문구,홍제동,37.588734,126.946107
260,9,11200,대현동,1141011200,서울특별시,서대문구,대현동,37.558086,126.944504
261,3,11300,대신동,1141011300,서울특별시,서대문구,대신동,37.566438,126.945199
262,7,11400,신촌동,1141058500,서울특별시,서대문구,신촌동,37.56555,126.941382
264,9,11600,창천동,1141011600,서울특별시,서대문구,창천동,37.558584,126.934113
265,1,11400,창천동,1141011600,서울특별시,서대문구,창천동,37.558584,126.934113
266,4,11700,연희동,1141061500,서울특별시,서대문구,연희동,37.571987,126.932812
268,4,11800,홍은동,1141011800,서울특별시,서대문구,홍은동,37.59156,126.938775
269,4,11900,북가좌동,1141011900,서울특별시,서대문구,북가좌동,37.580344,126.912261
270,1,12000,남가좌동,1141012000,서울특별시,서대문구,남가좌동,37.577538,126.922311
271,1,11440101011,아현동,1144055500,서울특별시,마포구,아현동,37.554474,126.956308
273,1,10200,공덕동,1144056500,서울특별시,마포구,공덕동,37.548092,126.954994
275,1,10300,신공덕동,1144010300,서울특별시,마포구,신공덕동,37.544374,126.956854
276,1,10400,도화동,1144058500,서울특별시,마포구,도화동,37.539758,126.950007
278,0,10500,용강동,1144059000,서울특별시,마포구,용강동,37.541502,126.940443
280,0,10700,마포동,1144010700,서울특별시,마포구,마포동,37.537003,126.945323
281,1,10800,대흥동,1144060000,서울특별시,마포구,대흥동,37.549807,126.943177
283,1,10900,염리동,1144061000,서울특별시,마포구,염리동,37.549096,126.947307
285,9,11000,노고산동,1144011000,서울특별시,마포구,노고산동,37.554402,126.938556
286,1,11100,신수동,1144063000,서울특별시,마포구,신수동,37.548524,126.936813
288,0,11200,현석동,1144011200,서울특별시,마포구,현석동,37.54384,126.933903
289,1,11500,상수동,1144011500,서울특별시,마포구,상수동,37.547431,126.922946
290,3,11800,당인동,1144011800,서울특별시,마포구,당인동,37.54625,126.920245
291,4,12000,서교동,1144066000,서울특별시,마포구,서교동,37.553838,126.918765
293,3,12100,동교동,1144012100,서울특별시,마포구,동교동,37.55765,126.925663
294,4,12200,합정동,1144068000,서울특별시,마포구,합정동,37.547027,126.909029
296,4,12300,망원동,1144012300,서울특별시,마포구,망원동,37.55662,126.903976
297,4,12400,연남동,1144071000,서울특별시,마포구,연남동,37.563027,126.921519
299,4,12500,성산동,1144012500,서울특별시,마포구,성산동,37.563317,126.91087
300,1,12600,중동,1144012600,서울특별시,마포구,중동,37.5704,126.907656
301,1,12700,상암동,1144074000,서울특별시,마포구,상암동,37.570748,126.87984
303,1,1147010100,신정동,1144011700,서울특별시,양천구,신정동,37.521636,126.857957
305,8,10200,목동,1147010200,서울특별시,양천구,목동,37.539776,126.869079
306,4,10300,신월동,1147010300,서울특별시,양천구,신월동,37.529444,126.834248
307,1,1150010100,염창동,1150051000,서울특별시,강서구,염창동,37.554552,126.871764
309,4,10200,등촌동,1150010200,서울특별시,강서구,등촌동,37.551325,126.858411
310,4,10300,화곡동,1150010300,서울특별시,강서구,화곡동,37.538358,126.847336
311,4,10400,가양동,1150010400,서울특별시,강서구,가양동,37.568238,126.845059
312,1,10500,마곡동,1150010500,서울특별시,강서구,마곡동,37.566092,126.830395
313,1,10600,내발산동,1150010600,서울특별시,강서구,내발산동,37.552616,126.83573
314,7,10700,외발산동,1150010700,서울특별시,강서구,외발산동,37.546721,126.821871
315,4,10800,공항동,1150062000,서울특별시,강서구,공항동,37.554779,126.810453
317,4,10900,방화동,1150010900,서울특별시,강서구,방화동,37.569138,126.812192
318,3,11000,개화동,1150011000,서울특별시,강서구,개화동,37.582069,126.801198
319,5,11300,오쇠동,1150011300,서울특별시,강서구,오쇠동,37.541148,126.796575
320,1,1153010100,신도림동,1153051000,서울특별시,구로구,신도림동,37.509951,126.882174
322,4,10200,구로동,1153010200,서울특별시,구로구,구로동,37.4929,126.886427
323,9,10300,가리봉동,1153059500,서울특별시,구로구,가리봉동,37.482704,126.888019
325,4,10600,고척동,1153010600,서울특별시,구로구,고척동,37.50356,126.855829
326,4,10700,개봉동,1153010700,서울특별시,구로구,개봉동,37.49497,126.851409
327,4,10800,오류동,1153010800,서울특별시,구로구,오류동,37.494129,126.840746
328,4,10900,궁동,1153010900,서울특별시,구로구,궁동,37.49687,126.831303
329,4,11000,온수동,1153011000,서울특별시,구로구,온수동,37.493507,126.820255
330,4,11000,천왕동,1153011100,서울특별시,구로구,천왕동,37.482016,126.841789
331,1,11200,항동,1153011200,서울특별시,구로구,항동,37.484059,126.82298
332,4,11545210100,가산동,1154551000,서울특별시,금천구,가산동,37.476681,126.883767
334,4,10200,독산동,1154510200,서울특별시,금천구,독산동,37.469371,126.901246
335,4,10300,시흥동,1154510300,서울특별시,금천구,시흥동,37.453325,126.906222
336,4,1156010100,영등포동,1156053500,서울특별시,영등포구,영등포동,37.513786,126.906901
338,3,10200,영등포동1가,1156010200,서울특별시,영등포구,영등포동1가,37.51771,126.913057
339,3,10300,영등포동2가,1156010300,서울특별시,영등포구,영등포동2가,37.520839,126.910094
340,3,10400,영등포동3가,1156010400,서울특별시,영등포구,영등포동3가,37.518155,126.907998
341,3,10500,영등포동4가,1156010500,서울특별시,영등포구,영등포동4가,37.517981,126.903506
342,3,10600,영등포동5가,1156010600,서울특별시,영등포구,영등포동5가,37.521133,126.907084
343,3,10700,영등포동6가,1156010700,서울특별시,영등포구,영등포동6가,37.521556,126.90309
344,0,10800,영등포동7가,1156010800,서울특별시,영등포구,영등포동7가,37.524619,126.90667
345,0,10900,영등포동8가,1156010900,서울특별시,영등포구,영등포동8가,37.527015,126.905253
346,8,11000,여의도동,1156011000,서울특별시,영등포구,여의도동,37.524371,126.925958
347,3,11100,당산동1가,1156011100,서울특별시,영등포구,당산동1가,37.522336,126.898748
348,0,11200,당산동2가,1156011200,서울특별시,영등포구,당산동2가,37.522967,126.892688
349,1,11300,당산동3가,1156011300,서울특별시,영등포구,당산동3가,37.525551,126.896668
350,1,11400,당산동4가,1156011400,서울특별시,영등포구,당산동4가,37.528887,126.898848
351,1,11500,당산동5가,1156011500,서울특별시,영등포구,당산동5가,37.532856,126.899187
352,3,11600,당산동6가,1156011600,서울특별시,영등포구,당산동6가,37.534373,126.903445
353,0,11700,당산동,1156011700,서울특별시,영등포구,당산동,37.528625,126.907439
354,9,11800,도림동,1156058500,서울특별시,영등포구,도림동,37.509105,126.900533
356,6,12000,문래동2가,1156012000,서울특별시,영등포구,문래동2가,37.51329,126.893779
357,1,12100,문래동3가,1156012100,서울특별시,영등포구,문래동3가,37.516929,126.897249
358,0,12200,문래동4가,1156012200,서울특별시,영등포구,문래동4가,37.515082,126.890475
359,0,12300,문래동5가,1156012300,서울특별시,영등포구,문래동5가,37.515863,126.885676
360,1,12400,문래동6가,1156012400,서울특별시,영등포구,문래동6가,37.519342,126.886528
361,3,12500,양평동1가,1156012500,서울특별시,영등포구,양평동1가,37.523571,126.888814
362,0,12600,양평동2가,1156012600,서울특별시,영등포구,양평동2가,37.52427,126.884578
363,1,12700,양평동3가,1156012700,서울특별시,영등포구,양평동3가,37.528148,126.889731
364,4,12800,양평동4가,1156012800,서울특별시,영등포구,양평동4가,37.537079,126.89626
365,0,12900,양평동5가,1156012900,서울특별시,영등포구,양평동5가,37.538964,126.893422
366,0,13000,양평동6가,1156013000,서울특별시,영등포구,양평동6가,37.542645,126.890065
367,4,13200,신길동,1156013200,서울특별시,영등포구,신길동,37.507088,126.913103
368,9,13300,대림동,1156013300,서울특별시,영등포구,대림동,37.494306,126.900642
369,4,1159010100,노량진동,1159010100,서울특별시,동작구,노량진동,37.510162,126.940418
370,4,10200,상도동,1159010200,서울특별시,동작구,상도동,37.499206,126.940385
371,4,10300,상도1동,1159010300,서울특별시,동작구,상도1동,37.502889,126.950645
372,1,10400,본동,1159010400,서울특별시,동작구,본동,37.511491,126.954336
373,1,10500,흑석동,1159060500,서울특별시,동작구,흑석동,37.505492,126.962317
375,0,10600,동작동,1159010600,서울특별시,동작구,동작동,37.496605,126.980985
376,4,10700,사당동,1159010700,서울특별시,동작구,사당동,37.483974,126.974999
377,1,10800,대방동,1159066000,서울특별시,동작구,대방동,37.506879,126.927994
379,4,10900,신대방동,1159010900,서울특별시,동작구,신대방동,37.492678,126.917721
380,4,1162010100,봉천동,1162010100,서울특별시,관악구,봉천동,37.482717,126.949951
381,4,10200,신림동,1162069500,서울특별시,관악구,신림동,37.463204,126.935795
383,4,10300,남현동,1162063000,서울특별시,관악구,남현동,37.464115,126.977754
385,8,1165010100,방배동,1165010100,서울특별시,서초구,방배동,37.484677,126.989955
386,1,10200,양재동,1165010200,서울특별시,서초구,양재동,37.474839,127.041717
387,1,10300,우면동,1165010300,서울특별시,서초구,우면동,37.466629,127.021892
388,8,10600,잠원동,1165054000,서울특별시,서초구,잠원동,37.515102,127.009083
390,8,10700,반포동,1165010700,서울특별시,서초구,반포동,37.502816,127.010493
391,8,10800,서초동,1165010800,서울특별시,서초구,서초동,37.488514,127.016222
392,0,10900,내곡동,1165066000,서울특별시,서초구,내곡동,37.458154,127.076727
394,3,11000,염곡동,1165011000,서울특별시,서초구,염곡동,37.462035,127.052837
395,0,11100,신원동,1162065500,서울특별시,관악구,신원동,37.481698,126.927268
397,8,1168010100,역삼동,1168010100,서울특별시,강남구,역삼동,37.500335,127.037596
398,1,10300,개포동,1168010300,서울특별시,강남구,개포동,37.47826,127.052024
399,8,10400,청담동,1168056500,서울특별시,강남구,청담동,37.524399,127.050457
401,8,10500,삼성동,1162074500,서울특별시,관악구,삼성동,37.470135,126.933007
403,8,10600,대치동,1168010600,서울특별시,강남구,대치동,37.501711,127.057851
404,1,10800,논현동,1168010800,서울특별시,강남구,논현동,37.513093,127.031353
405,8,11000,압구정동,1168054500,서울특별시,강남구,압구정동,37.530734,127.028461
407,1,11100,세곡동,1168070000,서울특별시,강남구,세곡동,37.464369,127.104583
409,1,11200,자곡동,1168011200,서울특별시,강남구,자곡동,37.476796,127.100387
410,0,11300,율현동,1168011300,서울특별시,강남구,율현동,37.47145,127.107251
411,8,11400,일원동,1168011400,서울특별시,강남구,일원동,37.491326,127.083799
412,1,11500,수서동,1168075000,서울특별시,강남구,수서동,37.485881,127.096706
414,8,11800,도곡동,1168011800,서울특별시,강남구,도곡동,37.486509,127.040738
415,8,1171010100,잠실동,1171010100,서울특별시,송파구,잠실동,37.506967,127.083673
416,8,10200,신천동,1171010200,서울특별시,송파구,신천동,37.517302,127.104967
417,4,10300,풍납동,1171010300,서울특별시,송파구,풍납동,37.534673,127.117643
418,1,10400,송파동,1171010400,서울특별시,송파구,송파동,37.506058,127.111216
419,4,10500,석촌동,1171060000,서울특별시,송파구,석촌동,37.50273,127.102497
421,4,10600,삼전동,1171061000,서울특별시,송파구,삼전동,37.501901,127.091876
423,1,10700,가락동,1171010700,서울특별시,송파구,가락동,37.496486,127.126006
424,1,10800,문정동,1171010800,서울특별시,송파구,문정동,37.486581,127.127495
425,1,10900,장지동,1171064600,서울특별시,송파구,장지동,37.477368,127.131914
427,1,11000,방이동,1171011100,서울특별시,송파구,방이동,37.512017,127.116902
428,1,11200,오금동,1171057000,서울특별시,송파구,오금동,37.50401,127.134003
430,4,11300,거여동,1171011300,서울특별시,송파구,거여동,37.494161,127.145196
431,4,11400,마천동,1171011400,서울특별시,송파구,마천동,37.497117,127.152393
432,1,1174010100,명일동,1174010100,서울특별시,강동구,명일동,37.549276,127.147555
433,1,10200,고덕동,1174010200,서울특별시,강동구,고덕동,37.561068,127.160582
434,1,10300,상일동,1174052000,서울특별시,강동구,상일동,37.550583,127.168797
436,4,10500,길동,1174068500,서울특별시,강동구,길동,37.539616,127.145914
438,1,10600,둔촌동,1174010600,서울특별시,강동구,둔촌동,37.531157,127.142891
439,4,10700,암사동,1174010700,서울특별시,강동구,암사동,37.552497,127.13301
440,4,10800,성내동,1174010800,서울특별시,강동구,성내동,37.531338,127.129174
441,4,10900,천호동,1174010900,서울특별시,강동구,천호동,37.543676,127.131748
442,1,11000,강일동,1174051500,서울특별시,강동구,강일동,37.567438,127.173364
